row_id,PassengerId,Survived,Sex,Age,Fare,Pclass_1,Pclass_2,Pclass_3,Family_size,Title_1,Title_2,Title_3,Title_4,Emb_1,Emb_2,Emb_3
0,396.5,0,1,0.275,0.014151057562208,0,0,1,0.1,1,0,0,0,0,0,1
1,396.5,1,0,0.475,0.1391357353826406,1,0,0,0.1,1,0,0,0,1,0,0
2,396.5,1,0,0.325,0.0154685698179998,0,0,1,0.0,0,0,0,1,0,0,1
3,396.5,1,0,0.4375,0.1036442974556203,1,0,0,0.1,1,0,0,0,0,0,1
4,396.5,0,1,0.4375,0.0157125535690723,0,0,1,0.0,1,0,0,0,0,0,1
5,396.5,0,1,0.35,0.0165095020935757,0,0,1,0.0,1,0,0,0,0,1,0
6,396.5,0,1,0.675,0.101228858320002,1,0,0,0.0,1,0,0,0,0,0,1
7,396.5,0,1,0.025,0.0411356604308323,0,0,1,0.4,0,0,1,0,0,0,1
8,9.0,1,0,0.3375,0.0217307543665283,0,0,1,0.2,1,0,0,0,0,0,1
9,10.0,1,0,0.175,0.0586942926540201,0,1,0,0.1,1,0,0,0,1,0,0
10,11.0,1,0,0.05,0.032596229143293,0,0,1,0.2,0,0,0,1,0,0,1
11,12.0,1,0,0.725,0.0518221487278101,1,0,0,0.0,0,0,0,1,0,0,1
12,13.0,0,1,0.25,0.0157125535690723,0,0,1,0.0,1,0,0,0,0,0,1
13,14.0,0,1,0.4875,0.0610447345183526,0,0,1,0.6,1,0,0,0,0,0,1
14,15.0,0,0,0.175,0.0153303774213923,0,0,1,0.0,0,0,0,1,0,0,1
15,16.0,1,0,0.6875,0.0312299201372867,0,1,0,0.0,1,0,0,0,0,0,1
16,17.0,0,1,0.025,0.0568482139999047,0,0,1,0.5,0,0,1,0,0,1,0
17,18.0,1,1,0.35,0.0253743101115454,0,1,0,0.0,1,0,0,0,0,0,1
18,19.0,0,0,0.3875,0.0351336601544475,0,0,1,0.1,1,0,0,0,0,0,1
19,20.0,1,0,0.35,0.0141022608119935,0,0,1,0.0,1,0,0,0,1,0,0
20,21.0,0,1,0.4375,0.0507486202230909,0,1,0,0.0,1,0,0,0,0,0,1
21,22.0,1,1,0.425,0.0253743101115454,0,1,0,0.0,1,0,0,0,0,0,1
22,23.0,1,0,0.1875,0.0156719546728939,0,0,1,0.0,0,0,0,1,0,1,0
23,24.0,1,1,0.35,0.0692913853046049,1,0,0,0.0,1,0,0,0,0,0,1
24,25.0,0,0,0.1,0.0411356604308323,0,0,1,0.4,0,0,0,1,0,0,1
25,26.0,1,0,0.475,0.0612643198943179,0,0,1,0.6,1,0,0,0,0,0,1
26,27.0,0,1,0.35,0.0141022608119935,0,0,1,0.0,1,0,0,0,1,0,0
27,28.0,0,1,0.2375,0.5133418122566505,1,0,0,0.5,1,0,0,0,0,0,1
28,29.0,1,0,0.35,0.0153791741716068,0,0,1,0.0,0,0,0,1,0,1,0
29,30.0,0,1,0.35,0.0154115752137492,0,0,1,0.0,1,0,0,0,0,0,1
30,31.0,0,1,0.5,0.0541073981338561,1,0,0,0.0,1,0,0,0,1,0,0
31,32.0,1,0,0.35,0.2859895551532101,1,0,0,0.1,1,0,0,0,1,0,0
32,33.0,1,0,0.35,0.0151269925664982,0,0,1,0.0,0,0,0,1,0,1,0
33,34.0,0,1,0.825,0.0204946350900944,0,1,0,0.0,1,0,0,0,0,0,1
34,35.0,0,1,0.35,0.16038672010106,1,0,0,0.1,1,0,0,0,1,0,0
35,36.0,0,1,0.525,0.1014972404461818,1,0,0,0.1,1,0,0,0,0,0,1
36,37.0,1,1,0.35,0.0141104586660295,0,0,1,0.0,1,0,0,0,1,0,0
37,38.0,0,1,0.2625,0.0157125535690723,0,0,1,0.0,1,0,0,0,0,0,1
38,39.0,0,0,0.225,0.0351336601544475,0,0,1,0.2,0,0,0,1,0,0,1
39,40.0,1,0,0.175,0.0219423370754585,0,0,1,0.1,0,0,0,1,1,0,0
40,41.0,0,0,0.5,0.0184939683312994,0,0,1,0.1,1,0,0,0,0,0,1
41,42.0,0,0,0.3375,0.0409892701801888,0,1,0,0.1,1,0,0,0,0,0,1
42,43.0,0,1,0.35,0.0154115752137492,0,0,1,0.0,1,0,0,0,1,0,0
43,44.0,1,0,0.0375,0.081157193460767,0,1,0,0.3,0,0,0,1,1,0,0
44,45.0,1,0,0.2375,0.0153791741716068,0,0,1,0.0,0,0,0,1,0,1,0
45,46.0,0,1,0.35,0.0157125535690723,0,0,1,0.0,1,0,0,0,0,0,1
46,47.0,0,1,0.35,0.0302539851329965,0,0,1,0.1,1,0,0,0,0,1,0
47,48.0,1,0,0.35,0.0151269925664982,0,0,1,0.0,0,0,0,1,0,1,0
48,49.0,0,1,0.35,0.0423149802900166,0,0,1,0.2,1,0,0,0,1,0,0
49,50.0,0,0,0.225,0.0347432861527314,0,0,1,0.1,1,0,0,0,0,0,1
50,51.0,0,1,0.35,0.0774648409655354,0,0,1,0.5,0,0,1,0,0,0,1
51,52.0,0,1,0.2625,0.0152245860669272,0,0,1,0.0,1,0,0,0,0,0,1
52,53.0,1,0,0.6125,0.1497654242623688,1,0,0,0.1,1,0,0,0,1,0,0
53,54.0,1,0,0.3625,0.0507486202230909,0,1,0,0.1,1,0,0,0,0,0,1
54,55.0,0,1,0.8125,0.1209753416358076,1,0,0,0.1,1,0,0,0,1,0,0
55,56.0,1,1,0.35,0.0692913853046049,1,0,0,0.0,1,0,0,0,0,0,1
56,57.0,1,0,0.2625,0.0204946350900944,0,1,0,0.0,0,0,0,1,0,0,1
57,58.0,0,1,0.35625,0.0141104586660295,0,0,1,0.0,1,0,0,0,1,0,0
58,59.0,1,0,0.0625,0.0541643927381066,0,1,0,0.3,0,0,0,1,0,0,1
59,60.0,0,1,0.1375,0.0915427034024217,0,0,1,0.7,0,0,1,0,0,0,1
60,61.0,0,1,0.275,0.0141104586660295,0,0,1,0.0,1,0,0,0,1,0,0
61,62.0,1,0,0.475,0.1561496006864336,1,0,0,0.0,0,0,0,1,0,0,0
62,63.0,0,1,0.5625,0.1629323489662505,1,0,0,0.1,1,0,0,0,0,0,1
63,64.0,0,1,0.05,0.0544571732393937,0,0,1,0.5,0,0,1,0,0,0,1
64,65.0,0,1,0.35,0.0541073981338561,1,0,0,0.0,1,0,0,0,1,0,0
65,66.0,1,1,0.35,0.0297578197768153,0,0,1,0.2,0,0,1,0,1,0,0
66,67.0,1,0,0.3625,0.0204946350900944,0,1,0,0.0,1,0,0,0,0,0,1
67,68.0,0,1,0.35,0.0,0,0,1,0.0,1,0,0,0,0,0,1
68,69.0,1,0,0.35,0.0154685698179998,0,0,1,0.6,0,0,0,1,0,0,1
69,70.0,0,1,0.325,0.0169080739493278,0,0,1,0.2,1,0,0,0,0,0,1
70,71.0,0,1,0.35,0.0204946350900944,0,1,0,0.0,1,0,0,0,0,0,1
71,72.0,0,0,0.0,0.0915427034024217,0,0,1,0.7,0,0,0,1,0,0,1
72,73.0,0,1,0.0,0.029322747951902747,0,1,0,0.0,1,0,0,0,0,0,1
73,74.0,0,1,0.325,0.0282127194780231,0,0,1,0.1,1,0,0,0,1,0,0
74,75.0,1,1,0.4,0.1102724576307577,0,0,1,0.0,1,0,0,0,0,0,1
75,76.0,0,1,0.3125,0.0149318055656402,0,0,1,0.0,1,0,0,0,0,0,1
76,77.0,0,1,0.035,0.0154115752137492,0,0,1,0.0,1,0,0,0,0,0,1
77,78.0,0,1,0.35,0.0157125535690723,0,0,1,0.0,1,0,0,0,0,0,1
78,79.0,1,1,0.0103749999999999,0.0566042302488321,0,1,0,0.2,0,0,1,0,0,0,1
79,80.0,1,0,0.375,0.0243495783570407,0,0,1,0.0,0,0,0,1,0,0,1
80,81.0,0,1,0.275,0.0175668300772237,0,0,1,0.0,1,0,0,0,0,0,1
81,82.0,1,1,0.3625,0.0185427650815139,0,0,1,0.0,1,0,0,0,0,0,1
82,83.0,1,0,0.35,0.01520018769182,0,0,1,0.0,0,0,0,1,0,1,0
83,84.0,0,1,0.35,0.0919330774041378,1,0,0,0.0,1,0,0,0,0,0,1
84,85.0,1,0,0.2125,0.0204946350900944,0,1,0,0.0,0,0,0,1,0,0,1
85,86.0,1,0,0.4125,0.0309371396359996,0,0,1,0.3,1,0,0,0,0,0,1
86,87.0,0,1,0.2,0.0670955315449519,0,0,1,0.4,1,0,0,0,0,0,1
87,88.0,0,1,0.35,0.0157125535690723,0,0,1,0.0,1,0,0,0,0,0,1
88,89.0,1,0,0.2875,0.5133418122566505,1,0,0,0.5,0,0,0,1,0,0,1
89,90.0,0,1,0.3,0.0157125535690723,0,0,1,0.0,1,0,0,0,0,0,1
90,91.0,0,1,0.3625,0.0157125535690723,0,0,1,0.0,1,0,0,0,0,0,1
91,92.0,0,1,0.25,0.0153303774213923,0,0,1,0.0,1,0,0,0,0,0,1
92,93.0,0,1,0.575,0.1194056477749072,1,0,0,0.1,1,0,0,0,0,0,1
93,94.0,0,1,0.325,0.0401597254265421,0,0,1,0.3,1,0,0,0,0,0,1
94,95.0,0,1,0.7375,0.014151057562208,0,0,1,0.0,1,0,0,0,0,0,1
95,96.0,0,1,0.35,0.0157125535690723,0,0,1,0.0,1,0,0,0,0,0,1
96,97.0,0,1,0.8875,0.0676404936513476,1,0,0,0.0,1,0,0,0,1,0,0
97,98.0,1,1,0.2875,0.1236671655646408,1,0,0,0.1,1,0,0,0,1,0,0
98,99.0,1,0,0.35,0.0448930101973496,0,1,0,0.1,1,0,0,0,0,0,1
99,100.0,0,1,0.425,0.0507486202230909,0,1,0,0.1,1,0,0,0,0,0,1
100,101.0,0,0,0.35,0.015411575213749,0,0,1,0.0,0,0,0,1,0,0,1
101,102.0,0,1,0.35,0.0154115752137492,0,0,1,0.0,1,0,0,0,0,0,1
102,103.0,0,1,0.2625,0.1508551532881592,1,0,0,0.1,1,0,0,0,0,0,1
103,104.0,0,1,0.4125,0.0168918734282566,0,0,1,0.0,1,0,0,0,0,0,1
104,105.0,0,1,0.4625,0.0154685698179998,0,0,1,0.2,1,0,0,0,0,0,1
105,106.0,0,1,0.35,0.0154115752137492,0,0,1,0.0,1,0,0,0,0,0,1
106,107.0,1,0,0.2625,0.0149318055656402,0,0,1,0.0,0,0,0,1,0,0,1
107,108.0,1,1,0.35,0.0151757893167127,0,0,1,0.0,1,0,0,0,0,0,1
108,109.0,0,1,0.475,0.0154115752137492,0,0,1,0.0,1,0,0,0,0,0,1
109,110.0,1,0,0.35,0.0471376607072171,0,0,1,0.1,0,0,0,1,0,1,0
110,111.0,0,1,0.5875,0.1014972404461818,1,0,0,0.0,1,0,0,0,0,0,1
111,112.0,0,0,0.18125,0.0282127194780231,0,0,1,0.1,0,0,0,1,1,0,0
112,113.0,0,1,0.275,0.0157125535690723,0,0,1,0.0,1,0,0,0,0,0,1
113,114.0,0,0,0.25,0.0191771228343026,0,0,1,0.1,0,0,0,1,0,0,1
114,115.0,0,0,0.2125,0.0282207221450582,0,0,1,0.0,0,0,0,1,1,0,0
115,116.0,0,1,0.2625,0.0154685698179998,0,0,1,0.0,1,0,0,0,0,0,1
116,117.0,0,1,0.88125,0.0151269925664982,0,0,1,0.0,1,0,0,0,0,1,0
117,118.0,0,1,0.3625,0.0409892701801888,0,1,0,0.1,1,0,0,0,0,0,1
118,119.0,0,1,0.3,0.4831284260198326,1,0,0,0.1,1,0,0,0,1,0,0
119,120.0,0,0,0.025,0.0610447345183526,0,0,1,0.6,0,0,0,1,0,0,1
120,121.0,0,1,0.2625,0.1434624456306609,0,1,0,0.2,1,0,0,0,0,0,1
121,122.0,0,1,0.35,0.0157125535690723,0,0,1,0.0,1,0,0,0,0,0,1
122,123.0,0,1,0.40625,0.0586942926540201,0,1,0,0.1,1,0,0,0,1,0,0
123,124.0,1,0,0.40625,0.0253743101115454,0,1,0,0.0,0,0,0,1,0,0,1
124,125.0,0,1,0.675,0.1508551532881592,1,0,0,0.1,1,0,0,0,0,0,1
125,126.0,1,1,0.15,0.0219423370754585,0,0,1,0.1,0,0,1,0,1,0,0
126,127.0,0,1,0.35,0.0151269925664982,0,0,1,0.0,1,0,0,0,0,1,0
127,128.0,1,1,0.3,0.0139396700402787,0,0,1,0.0,1,0,0,0,0,0,1
128,129.0,1,0,0.35,0.0436404952128436,0,0,1,0.2,0,0,0,1,1,0,0
129,130.0,0,1,0.5625,0.0136142933098484,0,0,1,0.0,1,0,0,0,0,0,1
130,131.0,0,1,0.4125,0.0154115752137492,0,0,1,0.0,1,0,0,0,1,0,0
131,132.0,0,1,0.25,0.0137606835604919,0,0,1,0.0,1,0,0,0,0,0,1
132,133.0,0,0,0.5875,0.028302115124416,0,0,1,0.1,1,0,0,0,0,0,1
133,134.0,1,0,0.3625,0.0507486202230909,0,1,0,0.1,1,0,0,0,0,0,1
134,135.0,0,1,0.3125,0.0253743101115454,0,1,0,0.0,1,0,0,0,0,0,1
135,136.0,0,1,0.2875,0.0293674457750992,0,1,0,0.0,1,0,0,0,1,0,0
136,137.0,1,0,0.2375,0.0513015849965217,1,0,0,0.2,0,0,0,1,0,0,1
137,138.0,0,1,0.4625,0.1036442974556203,1,0,0,0.1,1,0,0,0,0,0,1
138,139.0,0,1,0.2,0.0179898003080831,0,0,1,0.0,1,0,0,0,0,0,1
139,140.0,0,1,0.3,0.1545881046795693,1,0,0,0.0,1,0,0,0,1,0,0
140,141.0,0,0,0.35,0.0297578197768153,0,0,1,0.2,1,0,0,0,1,0,0
141,142.0,1,0,0.0,0.0151269925664982,0,0,1,0.0,0,0,0,1,0,0,1
142,143.0,1,0,0.3,0.0309371396359996,0,0,1,0.1,1,0,0,0,0,0,1
143,144.0,0,1,0.2375,0.0131751225579178,0,0,1,0.0,1,0,0,0,0,1,0
144,145.0,0,1,0.225,0.0224465050986748,0,1,0,0.0,1,0,0,0,0,0,1
145,146.0,0,1,0.2375,0.0717312228153304,0,1,0,0.2,1,0,0,0,0,0,1
146,147.0,1,1,0.3375,0.0152163882128912,0,0,1,0.0,1,0,0,0,0,0,1
147,148.0,0,0,0.1125,0.0670955315449519,0,0,1,0.4,0,0,0,1,0,0,1
148,149.0,0,1,0.45625,0.0507486202230909,0,1,0,0.2,1,0,0,0,0,0,1
149,150.0,0,1,0.525,0.0253743101115454,0,1,0,0.0,1,0,0,0,0,0,1
150,151.0,0,1,0.6375,0.0244471718574697,0,1,0,0.0,1,0,0,0,0,0,1
151,152.0,1,0,0.275,0.1299945425714559,1,0,0,0.1,1,0,0,0,0,0,1
152,153.0,0,1,0.69375,0.0157125535690723,0,0,1,0.0,1,0,0,0,0,0,1
153,154.0,0,1,0.35,0.028302115124416,0,0,1,0.2,1,0,0,0,0,0,1
154,155.0,0,1,0.35,0.0142730494377443,0,0,1,0.0,1,0,0,0,0,0,1
155,156.0,0,1,0.6375,0.1198042196306593,1,0,0,0.1,1,0,0,0,1,0,0
156,157.0,1,0,0.2,0.0150943963373549,0,0,1,0.0,0,0,0,1,0,1,0
157,158.0,0,1,0.375,0.0157125535690723,0,0,1,0.0,1,0,0,0,0,0,1
158,159.0,0,1,0.35,0.0169080739493278,0,0,1,0.0,1,0,0,0,0,0,1
159,160.0,0,1,0.35,0.1357525590967682,0,0,1,1.0,0,0,1,0,0,0,1
160,161.0,0,1,0.55,0.0314251071381447,0,0,1,0.1,1,0,0,0,0,0,1
161,162.0,1,0,0.5,0.0307419526351416,0,1,0,0.0,1,0,0,0,0,0,1
162,163.0,0,1,0.325,0.0151757893167127,0,0,1,0.0,1,0,0,0,0,0,1
163,164.0,0,1,0.2125,0.0169080739493278,0,0,1,0.0,1,0,0,0,0,0,1
164,165.0,0,1,0.0125,0.0774648409655354,0,0,1,0.5,0,0,1,0,0,0,1
165,166.0,1,1,0.1125,0.0400621319261131,0,0,1,0.2,0,0,1,0,0,0,1
166,167.0,1,0,0.35,0.1073528504719231,1,0,0,0.1,1,0,0,0,0,0,1
167,168.0,0,0,0.5625,0.0544571732393937,0,0,1,0.5,1,0,0,0,0,0,1
168,169.0,0,1,0.35,0.0506022299724474,1,0,0,0.0,1,0,0,0,0,0,1
169,170.0,0,1,0.35,0.1102724576307577,0,0,1,0.0,1,0,0,0,0,0,1
170,171.0,0,1,0.7625,0.065387645287444,1,0,0,0.0,1,0,0,0,0,0,1
171,172.0,0,1,0.05,0.0568482139999047,0,0,1,0.5,0,0,1,0,0,1,0
172,173.0,1,0,0.0125,0.0217307543665283,0,0,1,0.2,0,0,0,1,0,0,1
173,174.0,0,1,0.2625,0.0154685698179998,0,0,1,0.0,1,0,0,0,0,0,1
174,175.0,0,1,0.7,0.0599142114093828,1,0,0,0.0,1,0,0,0,1,0,0
175,176.0,0,1,0.225,0.0153303774213923,0,0,1,0.2,1,0,0,0,0,0,1
176,177.0,0,1,0.35,0.0497076879475149,0,0,1,0.4,0,0,1,0,0,0,1
177,178.0,0,0,0.625,0.0560430676213653,1,0,0,0.0,0,0,0,1,1,0,0
178,179.0,0,1,0.35,0.0253743101115454,0,1,0,0.0,1,0,0,0,0,0,1
179,180.0,0,1,0.45,0.029322747951902747,0,0,1,0.0,1,0,0,0,0,0,1
180,181.0,0,0,0.35,0.1357525590967682,0,0,1,1.0,0,0,0,1,0,0,1
181,182.0,0,1,0.35,0.0293756436291353,0,1,0,0.0,1,0,0,0,1,0,0
182,183.0,0,1,0.1125,0.0612643198943179,0,0,1,0.6,0,0,1,0,0,0,1
183,184.0,1,1,0.0125,0.0761229303346364,0,1,0,0.3,0,0,1,0,0,0,1
184,185.0,1,0,0.05,0.0429899369389837,0,0,1,0.2,0,0,0,1,0,0,1
185,186.0,0,1,0.35,0.097593500429021,1,0,0,0.0,1,0,0,0,0,0,1
186,187.0,1,0,0.35,0.0302539851329965,0,0,1,0.1,1,0,0,0,0,1,0
187,188.0,1,1,0.5625,0.0518221487278101,1,0,0,0.0,1,0,0,0,0,0,1
188,189.0,0,1,0.5,0.0302539851329965,0,0,1,0.2,1,0,0,0,0,1,0
189,190.0,0,1,0.45,0.0154115752137492,0,0,1,0.0,1,0,0,0,0,0,1
190,191.0,1,0,0.4,0.0253743101115454,0,1,0,0.0,1,0,0,0,0,0,1
191,192.0,0,1,0.2375,0.0253743101115454,0,1,0,0.0,1,0,0,0,0,0,1
192,193.0,1,0,0.2375,0.0153303774213923,0,0,1,0.1,0,0,0,1,0,0,1
193,194.0,1,1,0.0375,0.0507486202230909,0,1,0,0.2,0,0,1,0,0,0,1
194,195.0,1,0,0.55,0.0541073981338561,1,0,0,0.0,1,0,0,0,1,0,0
195,196.0,1,0,0.725,0.2859895551532101,1,0,0,0.0,0,0,0,1,1,0,0
196,197.0,0,1,0.35,0.0151269925664982,0,0,1,0.0,1,0,0,0,0,1,0
197,198.0,0,1,0.525,0.0164039059261115,0,0,1,0.1,1,0,0,0,0,0,1
198,199.0,1,0,0.35,0.0151269925664982,0,0,1,0.0,0,0,0,1,0,1,0
199,200.0,0,0,0.3,0.0253743101115454,0,1,0,0.0,1,0,0,0,0,0,1
200,201.0,0,1,0.35,0.0185427650815139,0,0,1,0.0,1,0,0,0,0,0,1
201,202.0,0,1,0.35,0.1357525590967682,0,0,1,1.0,1,0,0,0,0,0,1
202,203.0,0,1,0.425,0.0126789572017366,0,0,1,0.0,1,0,0,0,0,0,1
203,204.0,0,1,0.56875,0.0141022608119935,0,0,1,0.0,1,0,0,0,1,0,0
204,205.0,1,1,0.225,0.0157125535690723,0,0,1,0.0,1,0,0,0,0,0,1
205,206.0,0,0,0.025,0.0204214399647726,0,0,1,0.1,0,0,0,1,0,0,1
206,207.0,0,1,0.4,0.0309371396359996,0,0,1,0.1,1,0,0,0,0,0,1
207,208.0,1,1,0.325,0.0366707577862046,0,0,1,0.0,1,0,0,0,1,0,0
208,209.0,1,0,0.2,0.0151269925664982,0,0,1,0.0,0,0,0,1,0,1,0
209,210.0,1,1,0.5,0.060507970265993,1,0,0,0.0,1,0,0,0,1,0,0
210,211.0,0,1,0.3,0.0137606835604919,0,0,1,0.0,1,0,0,0,0,0,1
211,212.0,1,0,0.4375,0.0409892701801888,0,1,0,0.0,0,0,0,1,0,0,1
212,213.0,0,1,0.275,0.014151057562208,0,0,1,0.0,1,0,0,0,0,0,1
213,214.0,0,1,0.375,0.0253743101115454,0,1,0,0.0,1,0,0,0,0,0,1
214,215.0,0,1,0.35,0.0151269925664982,0,0,1,0.1,1,0,0,0,0,1,0
215,216.0,1,0,0.3875,0.2210980752219471,1,0,0,0.1,0,0,0,1,1,0,0
216,217.0,1,0,0.3375,0.0154685698179998,0,0,1,0.0,0,0,0,1,0,0,1
217,218.0,0,1,0.525,0.0527004902316713,0,1,0,0.1,1,0,0,0,0,0,1
218,219.0,1,0,0.4,0.1489114811336148,1,0,0,0.0,0,0,0,1,1,0,0
219,220.0,0,1,0.0,0.0204946350900944,0,1,0,0.0,1,0,0,0,0,0,1
220,221.0,1,1,0.2,0.0157125535690723,0,0,1,0.0,1,0,0,0,0,0,1
221,222.0,0,1,0.3375,0.0253743101115454,0,1,0,0.0,1,0,0,0,0,0,1
222,223.0,0,1,0.6375,0.0157125535690723,0,0,1,0.0,1,0,0,0,0,0,1
223,224.0,0,1,0.35,0.0154115752137492,0,0,1,0.0,1,0,0,0,0,0,1
224,225.0,1,1,0.475,0.1756683007722378,1,0,0,0.1,1,0,0,0,0,0,1
225,226.0,0,1,0.275,0.0182499845802269,0,0,1,0.0,1,0,0,0,0,0,1
226,227.0,1,1,0.2375,0.0204946350900944,0,1,0,0.0,1,0,0,0,0,0,1
227,228.0,0,1,0.25625,0.014151057562208,0,0,1,0.0,1,0,0,0,0,0,1
228,229.0,0,1,0.225,0.0253743101115454,0,1,0,0.0,1,0,0,0,0,0,1
229,230.0,0,0,0.35,0.0497076879475149,0,0,1,0.4,0,0,0,1,0,0,1
230,231.0,1,0,0.4375,0.1629323489662505,1,0,0,0.1,1,0,0,0,0,0,1
231,232.0,0,1,0.3625,0.0151757893167127,0,0,1,0.0,1,0,0,0,0,0,1
232,233.0,0,1,0.7375,0.0263502451158356,0,1,0,0.0,1,0,0,0,0,0,1
233,234.0,1,0,0.0625,0.0612643198943179,0,0,1,0.6,0,0,0,1,0,0,1
234,235.0,0,1,0.3,0.0204946350900944,0,1,0,0.0,1,0,0,0,0,0,1
235,236.0,0,0,0.35,0.0147366185647821,0,0,1,0.0,0,0,0,1,0,0,1
236,237.0,0,1,0.55,0.0507486202230909,0,1,0,0.1,1,0,0,0,0,0,1
237,238.0,1,0,0.1,0.051236587725236,0,1,0,0.2,0,0,0,1,0,0,1
238,239.0,0,1,0.2375,0.0204946350900944,0,1,0,0.0,1,0,0,0,0,0,1
239,240.0,0,1,0.4125,0.0239592043553246,0,1,0,0.0,1,0,0,0,0,0,1
240,241.0,0,0,0.35,0.0282127194780231,0,0,1,0.1,0,0,0,1,1,0,0
241,242.0,1,0,0.35,0.0302539851329965,0,0,1,0.1,0,0,0,1,0,1,0
242,243.0,0,1,0.3625,0.0204946350900944,0,1,0,0.0,1,0,0,0,0,0,1
243,244.0,0,1,0.275,0.0139070738111354,0,0,1,0.0,1,0,0,0,0,0,1
244,245.0,0,1,0.375,0.0141022608119935,0,0,1,0.0,1,0,0,0,1,0,0
245,246.0,0,1,0.55,0.1756683007722378,1,0,0,0.2,1,0,0,0,0,1,0
246,247.0,0,0,0.31,0.0151757893167127,0,0,1,0.0,0,0,0,1,0,0,1
247,248.0,1,0,0.3,0.028302115124416,0,1,0,0.2,1,0,0,0,0,0,1
248,249.0,1,1,0.4625,0.1025789668049371,1,0,0,0.2,1,0,0,0,0,0,1
249,250.0,0,1,0.675,0.0507486202230909,0,1,0,0.1,1,0,0,0,0,0,1
250,251.0,0,1,0.35,0.014151057562208,0,0,1,0.0,1,0,0,0,0,0,1
251,252.0,0,0,0.3625,0.0204214399647726,0,0,1,0.2,1,0,0,0,0,0,1
252,253.0,0,1,0.775,0.0518221487278101,1,0,0,0.0,1,0,0,0,0,0,1
253,254.0,0,1,0.375,0.0314251071381447,0,0,1,0.1,1,0,0,0,0,0,1
254,255.0,0,0,0.5125,0.0394521725484317,0,0,1,0.2,1,0,0,0,0,0,1
255,256.0,1,0,0.3625,0.0297578197768153,0,0,1,0.2,1,0,0,0,1,0,0
256,257.0,1,0,0.35,0.1545881046795693,1,0,0,0.0,1,0,0,0,1,0,0
257,258.0,1,0,0.375,0.1688367557422063,1,0,0,0.0,0,0,0,1,0,0,1
258,259.0,1,0,0.4375,1.0,1,0,0,0.0,0,0,0,1,1,0,0
259,260.0,1,0,0.625,0.0507486202230909,0,1,0,0.1,1,0,0,0,0,0,1
260,261.0,0,1,0.35,0.0151269925664982,0,0,1,0.0,1,0,0,0,0,1,0
261,262.0,1,1,0.0375,0.0612643198943179,0,0,1,0.6,0,0,1,0,0,0,1
262,263.0,0,1,0.65,0.1554664461834305,1,0,0,0.2,1,0,0,0,0,0,1
263,264.0,0,1,0.5,0.0,1,0,0,0.0,1,0,0,0,0,0,1
264,265.0,0,0,0.35,0.0151269925664982,0,0,1,0.0,0,0,0,1,0,1,0
265,266.0,0,1,0.45,0.0204946350900944,0,1,0,0.0,1,0,0,0,0,0,1
266,267.0,0,1,0.2,0.0774648409655354,0,0,1,0.5,1,0,0,0,0,0,1
267,268.0,1,1,0.3125,0.0151757893167127,0,0,1,0.1,1,0,0,0,0,0,1
268,269.0,1,0,0.725,0.2995388511917728,1,0,0,0.1,1,0,0,0,0,0,1
269,270.0,1,0,0.4375,0.2647385704347907,1,0,0,0.0,0,0,0,1,0,0,1
270,271.0,0,1,0.35,0.060507970265993,1,0,0,0.0,1,0,0,0,0,0,1
271,272.0,1,1,0.3125,0.0,0,0,1,0.0,1,0,0,0,0,0,1
272,273.0,1,0,0.5125,0.0380614651673182,0,1,0,0.1,1,0,0,0,0,0,1
273,274.0,0,1,0.4625,0.0579705392548384,1,0,0,0.1,1,0,0,0,1,0,0
274,275.0,1,0,0.35,0.0151269925664982,0,0,1,0.0,0,0,0,1,0,1,0
275,276.0,1,0,0.7875,0.1521644676899149,1,0,0,0.1,0,0,0,1,0,0,1
276,277.0,0,0,0.5625,0.0151269,0,0,1,0.0,0,0,0,1,0,0,1
277,278.0,0,1,0.35,0.0,0,1,0,0.0,1,0,0,0,0,0,1
278,279.0,0,1,0.0875,0.0568482139999047,0,0,1,0.5,0,0,1,0,0,1,0
279,280.0,1,0,0.4375,0.0395253676737535,0,0,1,0.2,1,0,0,0,0,0,1
280,281.0,0,1,0.8125,0.0151269925664982,0,0,1,0.0,1,0,0,0,0,1,0
281,282.0,0,1,0.35,0.0153303774213923,0,0,1,0.0,1,0,0,0,0,0,1
282,283.0,0,1,0.2,0.01854276508,0,0,1,0.0,1,0,0,0,0,0,1
283,284.0,1,1,0.2375,0.0157125535690723,0,0,1,0.0,1,0,0,0,0,0,1
284,285.0,0,1,0.35,0.0507486202230909,1,0,0,0.0,1,0,0,0,0,0,1
285,286.0,0,1,0.4125,0.0169080739493278,0,0,1,0.0,1,0,0,0,1,0,0
286,287.0,1,1,0.375,0.0185427650815139,0,0,1,0.0,1,0,0,0,0,0,1
287,288.0,0,1,0.0,0.0154115752137492,0,0,1,0.0,1,0,0,0,0,0,1
288,289.0,1,1,0.525,0.0253743101115454,0,1,0,0.0,1,0,0,0,0,0,1
289,290.0,1,0,0.275,0.0151269925664982,0,0,1,0.0,0,0,0,1,0,1,0
290,291.0,1,0,0.325,0.1539049501765661,1,0,0,0.0,0,0,0,1,0,0,1
291,292.0,1,0,0.2375,0.1777747588854978,1,0,0,0.1,1,0,0,0,1,0,0
292,293.0,0,1,0.45,0.0251303263604729,0,1,0,0.0,1,0,0,0,1,0,0
293,294.0,0,0,0.3,0.0172740495759367,0,0,1,0.0,0,0,0,1,0,0,1
294,295.0,0,1,0.3,0.0154115752137492,0,0,1,0.0,1,0,0,0,0,0,1
295,296.0,0,1,0.35,0.0541073981338561,1,0,0,0.0,1,0,0,0,1,0,0
296,297.0,0,1,0.29375,0.0141104586660295,0,0,1,0.0,1,0,0,0,1,0,0
297,298.0,0,0,0.025,0.2958058998003627,1,0,0,0.3,0,0,0,1,0,0,1
298,299.0,1,1,0.35,0.0595320352617028,1,0,0,0.0,1,0,0,0,0,0,1
299,300.0,1,0,0.625,0.4831284260198326,1,0,0,0.1,1,0,0,0,1,0,0
300,301.0,1,0,0.35,0.0151269925664982,0,0,1,0.0,0,0,0,1,0,1,0
301,302.0,1,1,0.35,0.0453809776994947,0,0,1,0.2,1,0,0,0,0,1,0
302,303.0,0,1,0.2375,0.0,0,0,1,0.0,1,0,0,0,0,0,1
303,304.0,1,0,0.35,0.0241055946059681,0,1,0,0.0,0,0,0,1,0,1,0
304,305.0,0,1,0.35,0.0157125535690723,0,0,1,0.0,1,0,0,0,0,0,1
305,306.0,1,1,0.0115,0.2958058998003627,1,0,0,0.3,0,0,1,0,0,0,1
306,307.0,1,0,0.35,0.2164297877224253,1,0,0,0.0,0,0,0,1,1,0,0
307,308.0,1,0,0.2125,0.2125586439344078,1,0,0,0.1,1,0,0,0,1,0,0
308,309.0,0,1,0.375,0.04684488020593,0,1,0,0.1,1,0,0,0,1,0,0
309,310.0,1,0,0.375,0.1111183980924764,1,0,0,0.0,0,0,0,1,1,0,0
310,311.0,1,0,0.3,0.1623141917345331,1,0,0,0.0,0,0,0,1,1,0,0
311,312.0,1,0,0.225,0.5121218935012878,1,0,0,0.4,0,0,0,1,1,0,0
312,313.0,0,0,0.325,0.0507486202230909,0,1,0,0.2,1,0,0,0,0,0,1
313,314.0,0,1,0.35,0.0154115752137492,0,0,1,0.0,1,0,0,0,0,0,1
314,315.0,0,1,0.5375,0.051236587725236,0,1,0,0.2,1,0,0,0,0,0,1
315,316.0,1,0,0.325,0.0153303774213923,0,0,1,0.0,0,0,0,1,0,0,1
316,317.0,1,0,0.3,0.0507486202230909,0,1,0,0.1,1,0,0,0,0,0,1
317,318.0,0,1,0.675,0.0273261801201258,0,1,0,0.0,1,0,0,0,0,0,1
318,319.0,1,0,0.3875,0.3217983671436256,1,0,0,0.2,0,0,0,1,0,0,1
319,320.0,1,0,0.5,0.2625265161540666,1,0,0,0.2,1,0,0,0,1,0,0
320,321.0,0,1,0.275,0.014151057562208,0,0,1,0.0,1,0,0,0,0,0,1
321,322.0,0,1,0.3375,0.0154115752137492,0,0,1,0.0,1,0,0,0,0,0,1
322,323.0,1,0,0.375,0.0241055946059681,0,1,0,0.0,0,0,0,1,0,1,0
323,324.0,1,0,0.275,0.0566042302488321,0,1,0,0.2,1,0,0,0,0,0,1
324,325.0,0,1,0.35,0.1357525590967682,0,0,1,1.0,1,0,0,0,0,0,1
325,326.0,1,0,0.45,0.2647385704347907,1,0,0,0.0,0,0,0,1,1,0,0
326,327.0,0,1,0.7625,0.0121747891785203,0,0,1,0.0,1,0,0,0,0,0,1
327,328.0,1,0,0.45,0.0253743101115454,0,1,0,0.0,1,0,0,0,0,0,1
328,329.0,1,0,0.0,0.0400621319261131,0,0,1,0.2,1,0,0,0,0,0,1
329,330.0,1,0,0.2,0.1131678616014859,1,0,0,0.1,0,0,0,1,1,0,0
330,331.0,1,0,0.35,0.0453809776994947,0,0,1,0.2,0,0,0,1,0,1,0
331,332.0,0,1,0.56875,0.0556282952445419,1,0,0,0.0,1,0,0,0,0,0,1
332,333.0,0,1,0.0,0.2995388511917728,1,0,0,0.1,1,0,0,0,0,0,1
333,334.0,0,1,0.2,0.0351336601544475,0,0,1,0.2,1,0,0,0,0,0,1
334,335.0,1,0,0.35,0.2608674266467732,1,0,0,0.1,1,0,0,0,0,0,1
335,336.0,0,1,0.35,0.0154115752137492,0,0,1,0.0,1,0,0,0,0,0,1
336,337.0,0,1,0.3625,0.1299945425714559,1,0,0,0.1,1,0,0,0,0,0,1
337,338.0,1,0,0.5125,0.2625265161540666,1,0,0,0.0,0,0,0,1,1,0,0
338,339.0,1,1,0.5625,0.0157125535690723,0,0,1,0.0,1,0,0,0,0,0,1
339,340.0,0,1,0.5625,0.0692913853046049,1,0,0,0.0,1,0,0,0,0,0,1
340,341.0,1,1,0.025,0.0507486202230909,0,1,0,0.2,0,0,1,0,0,0,1
341,342.0,1,0,0.0,0.5133418122566505,1,0,0,0.5,0,0,0,1,0,0,1
342,343.0,0,1,0.35,0.0253743101115454,0,1,0,0.0,1,0,0,0,0,0,1
343,344.0,0,1,0.3125,0.0253743101115454,0,1,0,0.0,1,0,0,0,0,0,1
344,345.0,0,1,0.45,0.0253743101115454,0,1,0,0.0,1,0,0,0,0,0,1
345,346.0,1,0,0.3,0.0253743101115454,0,1,0,0.0,0,0,0,1,0,0,1
346,347.0,1,0,0.35,0.0253743101115454,0,1,0,0.0,0,0,0,1,0,0,1
347,348.0,1,0,0.35,0.0314251071381447,0,0,1,0.1,1,0,0,0,0,0,1
348,349.0,1,1,0.0,0.0310347331364286,0,0,1,0.2,0,0,1,0,0,0,1
349,350.0,0,1,0.525,0.029322747951902747,0,0,1,0.0,1,0,0,0,0,0,1
350,351.0,0,1,0.2875,0.0180060008291543,0,0,1,0.0,1,0,0,0,0,0,1
351,352.0,0,1,0.35,0.0683,1,0,0,0.0,1,0,0,0,0,0,1
352,353.0,0,1,0.1875,0.0141104586660295,0,0,1,0.2,1,0,0,0,1,0,0
353,354.0,0,1,0.35,0.0347432861527314,0,0,1,0.1,1,0,0,0,0,0,1
354,355.0,0,1,0.35,0.0141022608119935,0,0,1,0.0,1,0,0,0,1,0,0
355,356.0,0,1,0.35,0.029322747951902747,0,0,1,0.0,1,0,0,0,0,0,1
356,357.0,1,0,0.275,0.1073528504719231,1,0,0,0.1,0,0,0,1,0,0,1
357,358.0,0,0,0.475,0.0253743101115454,0,1,0,0.0,0,0,0,1,0,0,1
358,359.0,1,0,0.35,0.0153791741716068,0,0,1,0.0,0,0,0,1,0,1,0
359,360.0,1,0,0.35,0.0153791741716068,0,0,1,0.0,0,0,0,1,0,1,0
360,361.0,0,1,0.5,0.0544571732393937,0,0,1,0.5,1,0,0,0,0,0,1
361,362.0,0,1,0.3,0.0541073981338561,0,1,0,0.1,1,0,0,0,1,0,0
362,363.0,0,0,0.5625,0.0282127194780231,0,0,1,0.1,1,0,0,0,1,0,0
363,364.0,0,1,0.4375,0.0137606835604919,0,0,1,0.0,1,0,0,0,0,0,1
364,365.0,0,1,0.35,0.0302539851329965,0,0,1,0.1,1,0,0,0,0,1,0
365,366.0,0,1,0.375,0.014151057562208,0,0,1,0.0,1,0,0,0,0,0,1
366,367.0,1,0,0.75,0.1468782181456766,1,0,0,0.1,1,0,0,0,1,0,0
367,368.0,1,0,0.35,0.0141104586660295,0,0,1,0.0,1,0,0,0,1,0,0
368,369.0,1,0,0.35,0.0151269925664982,0,0,1,0.0,0,0,0,1,0,1,0
369,370.0,1,0,0.3,0.1352645915946231,1,0,0,0.0,0,1,0,0,1,0,0
370,371.0,1,1,0.3125,0.1082149914547131,1,0,0,0.1,1,0,0,0,1,0,0
371,372.0,0,1,0.225,0.0126789572017366,0,0,1,0.1,1,0,0,0,0,0,1
372,373.0,0,1,0.2375,0.0157125535690723,0,0,1,0.0,1,0,0,0,0,0,1
373,374.0,0,1,0.275,0.2647385704347907,1,0,0,0.0,1,0,0,0,1,0,0
374,375.0,0,0,0.0375,0.0411356604308323,0,0,1,0.4,0,0,0,1,0,0,1
375,376.0,1,0,0.35,0.16038672010106,1,0,0,0.1,1,0,0,0,1,0,0
376,377.0,1,0,0.275,0.014151057562208,0,0,1,0.0,0,0,0,1,0,0,1
377,378.0,0,1,0.3375,0.4128205068147589,1,0,0,0.2,1,0,0,0,1,0,0
378,379.0,0,1,0.25,0.0078318784094289,0,0,1,0.0,1,0,0,0,1,0,0
379,380.0,0,1,0.2375,0.0151757893167127,0,0,1,0.0,1,0,0,0,0,0,1
380,381.0,1,0,0.525,0.4440992237022602,1,0,0,0.0,0,0,0,1,1,0,0
381,382.0,1,0,0.0125,0.0307257521140704,0,0,1,0.2,0,0,0,1,1,0,0
382,383.0,0,1,0.4,0.0154685698179998,0,0,1,0.0,1,0,0,0,0,0,1
383,384.0,1,0,0.4375,0.1014972404461818,1,0,0,0.1,1,0,0,0,0,0,1
384,385.0,0,1,0.35,0.0154115752137492,0,0,1,0.0,1,0,0,0,0,0,1
385,386.0,0,1,0.225,0.1434624456306609,0,1,0,0.0,1,0,0,0,0,0,1
386,387.0,0,1,0.0125,0.0915427034024217,0,0,1,0.7,0,0,1,0,0,0,1
387,388.0,1,0,0.0,0.0253743101115454,0,1,0,0.0,0,0,0,1,0,0,1
388,389.0,0,1,0.35,0.0150863936703197,0,0,1,0.0,1,0,0,0,0,1,0
389,390.0,1,0,0.2125,0.023422440102965,0,1,0,0.0,0,0,0,1,1,0,0
390,391.0,1,1,0.45,0.2342244010296504,1,0,0,0.3,1,0,0,0,0,0,1
391,392.0,1,1,0.2625,0.0152163882128912,0,0,1,0.0,1,0,0,0,0,0,1
392,393.0,0,1,0.35,0.0154685698179998,0,0,1,0.2,1,0,0,0,0,0,1
393,394.0,1,0,0.2875,0.2210980752219471,1,0,0,0.1,0,0,0,1,1,0,0
394,395.0,1,0,0.3,0.032596229143293,0,0,1,0.2,1,0,0,0,0,0,1
395,396.0,0,1,0.35,0.0152163882128912,0,0,1,0.0,1,0,0,0,0,0,1
396,397.0,0,0,0.3875,0.0153303774213923,0,0,1,0.0,0,0,0,1,0,0,1
397,398.0,0,1,0.575,0.0507486202230909,0,1,0,0.0,1,0,0,0,0,0,1
398,399.0,0,1,0.2875,0.0204946350900944,0,1,0,0.0,1,0,0,0,0,0,1
399,400.0,1,0,0.35,0.0246911556085423,0,1,0,0.0,1,0,0,0,0,0,1
400,401.0,1,1,0.4875,0.0154685698179998,0,0,1,0.0,1,0,0,0,0,0,1
401,402.0,0,1,0.325,0.0157125535690723,0,0,1,0.0,1,0,0,0,0,0,1
402,403.0,0,0,0.0,0.0191771228343026,0,0,1,0.1,0,0,0,1,0,0,1
403,404.0,0,1,0.35,0.0309371396359996,0,0,1,0.1,1,0,0,0,0,0,1
404,405.0,0,0,0.25,0.0169080739493278,0,0,1,0.0,0,0,0,1,0,0,1
405,406.0,0,1,0.425,0.0409892701801888,0,1,0,0.1,1,0,0,0,0,0,1
406,407.0,0,1,0.6375,0.0151269925664982,0,0,1,0.0,1,0,0,0,0,0,1
407,408.0,1,1,0.0375,0.0365975626608828,0,1,0,0.2,0,0,1,0,0,0,1
408,409.0,0,1,0.2625,0.0151757893167127,0,0,1,0.0,1,0,0,0,0,0,1
409,410.0,0,0,0.35,0.0497076879475149,0,0,1,0.4,0,0,0,1,0,0,1
410,411.0,0,1,0.35,0.0154115752137492,0,0,1,0.0,1,0,0,0,0,0,1
411,412.0,0,1,0.35,0.013386510079847,0,0,1,0.0,1,0,0,0,0,1,0
412,413.0,1,0,0.4125,0.1756683007722378,1,0,0,0.1,0,0,0,1,0,1,0
413,414.0,0,1,0.35,0.0,0,1,0,0.0,1,0,0,0,0,0,1
414,415.0,1,1,0.55,0.0154685698179998,0,0,1,0.0,1,0,0,0,0,0,1
415,416.0,0,0,0.35,0.0157125535690723,0,0,1,0.0,1,0,0,0,0,0,1
416,417.0,1,0,0.425,0.0634357752788636,0,1,0,0.2,1,0,0,0,0,0,1
417,418.0,1,0,0.225,0.0253743101115454,0,1,0,0.2,0,0,0,1,0,0,1
418,419.0,0,1,0.375,0.0253743101115454,0,1,0,0.0,1,0,0,0,0,0,1
419,420.0,0,0,0.125,0.0471376607072171,0,0,1,0.2,0,0,0,1,0,0,1
420,421.0,0,1,0.35,0.0154115752137492,0,0,1,0.0,1,0,0,0,1,0,0
421,422.0,0,1,0.2625,0.0150943963373549,0,0,1,0.0,1,0,0,0,0,1,0
422,423.0,0,1,0.3625,0.0153709763175708,0,0,1,0.0,1,0,0,0,0,0,1
423,424.0,0,0,0.35,0.028106928123558,0,0,1,0.2,1,0,0,0,0,0,1
424,425.0,0,1,0.225,0.0394521725484317,0,0,1,0.2,1,0,0,0,0,0,1
425,426.0,0,1,0.35,0.014151057562208,0,0,1,0.0,1,0,0,0,0,0,1
426,427.0,1,0,0.35,0.0507486202230909,0,1,0,0.1,1,0,0,0,0,0,1
427,428.0,1,0,0.2375,0.0507486202230909,0,1,0,0.0,1,0,0,0,0,0,1
428,429.0,0,1,0.35,0.0151269925664982,0,0,1,0.0,1,0,0,0,0,1,0
429,430.0,1,1,0.4,0.029322747951902747,0,0,1,0.0,1,0,0,0,0,0,1
430,431.0,1,1,0.35,0.0518221487278101,1,0,0,0.0,1,0,0,0,0,0,1
431,432.0,1,0,0.35,0.0314251071381447,0,0,1,0.1,1,0,0,0,0,0,1
432,433.0,1,0,0.525,0.0507486202230909,0,1,0,0.1,1,0,0,0,0,0,1
433,434.0,0,1,0.2125,0.0139070738111354,0,0,1,0.0,1,0,0,0,0,0,1
434,435.0,0,1,0.625,0.1091095334796455,1,0,0,0.1,1,0,0,0,0,0,1
435,436.0,1,0,0.175,0.2342244010296504,1,0,0,0.3,0,0,0,1,0,0,1
436,437.0,0,0,0.35,0.0670955315449519,0,0,1,0.4,0,0,0,1,0,0,1
437,438.0,1,0,0.3,0.0365975626608828,0,1,0,0.5,1,0,0,0,0,0,1
438,439.0,0,1,0.8,0.5133418122566505,1,0,0,0.5,1,0,0,0,0,0,1
439,440.0,0,1,0.3875,0.029322747951902747,0,1,0,0.0,1,0,0,0,0,0,1
440,441.0,1,0,0.5625,0.051236587725236,0,1,0,0.2,1,0,0,0,0,0,1
441,442.0,0,1,0.25,0.0185427650815139,0,0,1,0.0,1,0,0,0,0,0,1
442,443.0,0,1,0.3125,0.0151757893167127,0,0,1,0.1,1,0,0,0,0,0,1
443,444.0,1,0,0.35,0.0253743101115454,0,1,0,0.0,0,1,0,0,0,0,1
444,445.0,1,1,0.35,0.0158345454446086,0,0,1,0.0,1,0,0,0,0,0,1
445,446.0,1,1,0.05,0.1597767607233786,1,0,0,0.2,0,0,1,0,0,0,1
446,447.0,1,0,0.1625,0.0380614651673182,0,1,0,0.1,0,0,0,1,0,0,1
447,448.0,1,1,0.425,0.0518221487278101,1,0,0,0.0,1,0,0,0,0,0,1
448,449.0,1,0,0.0625,0.0375896981862443,0,0,1,0.3,0,0,0,1,1,0,0
449,450.0,1,1,0.65,0.0595320352617028,1,0,0,0.0,1,0,0,0,0,0,1
450,451.0,0,1,0.45,0.0541643927381066,0,1,0,0.3,1,0,0,0,0,0,1
451,452.0,0,1,0.35,0.0389724029003226,0,0,1,0.1,1,0,0,0,0,0,1
452,453.0,0,1,0.375,0.0541643927381066,1,0,0,0.0,1,0,0,0,1,0,0
453,454.0,1,1,0.6125,0.1739198156185515,1,0,0,0.1,1,0,0,0,1,0,0
454,455.0,0,1,0.35,0.0157125535690723,0,0,1,0.0,1,0,0,0,0,0,1
455,456.0,1,1,0.3625,0.0154115752137492,0,0,1,0.0,1,0,0,0,1,0,0
456,457.0,0,1,0.8125,0.0518221487278101,1,0,0,0.0,1,0,0,0,0,0,1
457,458.0,1,0,0.35,0.101228858320002,1,0,0,0.1,1,0,0,0,0,0,1
458,459.0,1,0,0.625,0.0204946350900944,0,1,0,0.0,0,0,0,1,0,0,1
459,460.0,0,1,0.35,0.0151269925664982,0,0,1,0.0,1,0,0,0,0,1,0
460,461.0,1,1,0.6,0.0518221487278101,1,0,0,0.0,1,0,0,0,0,0,1
461,462.0,0,1,0.425,0.0157125535690723,0,0,1,0.0,1,0,0,0,0,0,1
462,463.0,0,1,0.5875,0.0,1,0,0,0.0,1,0,0,0,0,0,1
463,464.0,0,1,0.6,0.0253743101115454,0,1,0,0.0,1,0,0,0,0,0,1
464,465.0,0,1,0.35,0.0157125535690723,0,0,1,0.0,1,0,0,0,0,0,1
465,466.0,0,1,0.475,0.0137606835604919,0,0,1,0.0,1,0,0,0,0,0,1
466,467.0,0,1,0.35,0.0,0,1,0,0.0,1,0,0,0,0,0,1
467,468.0,0,1,0.7,0.0518221487278101,1,0,0,0.0,1,0,0,0,0,0,1
468,469.0,0,1,0.35,0.0150781958162837,0,0,1,0.0,1,0,0,0,0,1,0
469,470.0,1,0,0.009375,0.0375896981862443,0,0,1,0.3,0,0,0,1,1,0,0
470,471.0,0,1,0.35,0.014151057562208,0,0,1,0.0,1,0,0,0,0,0,1
471,472.0,0,1,0.475,0.0169080739493278,0,0,1,0.0,1,0,0,0,0,0,1
472,473.0,1,0,0.4125,0.0541643927381066,0,1,0,0.3,1,0,0,0,0,0,1
473,474.0,1,0,0.2875,0.0269196055973385,0,1,0,0.0,1,0,0,0,1,0,0
474,475.0,0,0,0.275,0.0192015212094098,0,0,1,0.0,0,0,0,1,0,0,1
475,476.0,0,1,0.35,0.1014972404461818,1,0,0,0.0,1,0,0,0,0,0,1
476,477.0,0,1,0.425,0.0409892701801888,0,1,0,0.1,1,0,0,0,0,0,1
477,478.0,0,1,0.3625,0.0137524857064559,0,0,1,0.1,1,0,0,0,0,0,1
478,479.0,0,1,0.275,0.0146796239605316,0,0,1,0.0,1,0,0,0,0,0,1
479,480.0,1,0,0.025,0.0239836027304319,0,0,1,0.1,0,0,0,1,0,0,1
480,481.0,0,1,0.1125,0.0915427034024217,0,0,1,0.7,0,0,1,0,0,0,1
481,482.0,0,1,0.35,0.0,0,1,0,0.0,1,0,0,0,0,0,1
482,483.0,0,1,0.625,0.0157125535690723,0,0,1,0.0,1,0,0,0,0,0,1
483,484.0,1,0,0.7875,0.0187135537072647,0,0,1,0.0,1,0,0,0,0,0,1
484,485.0,1,1,0.3125,0.1777747588854978,1,0,0,0.1,1,0,0,0,1,0,0
485,486.0,0,0,0.35,0.0497076879475149,0,0,1,0.4,0,0,0,1,0,0,1
486,487.0,1,0,0.4375,0.1756683007722378,1,0,0,0.1,1,0,0,0,0,0,1
487,488.0,0,1,0.725,0.0579705392548384,1,0,0,0.0,1,0,0,0,1,0,0
488,489.0,0,1,0.375,0.0157125535690723,0,0,1,0.0,1,0,0,0,0,0,1
489,490.0,1,1,0.1125,0.0310347331364286,0,0,1,0.2,0,0,1,0,0,0,1
490,491.0,0,1,0.35,0.0389724029003226,0,0,1,0.1,1,0,0,0,0,0,1
491,492.0,0,1,0.2625,0.014151057562208,0,0,1,0.0,1,0,0,0,0,0,1
492,493.0,0,1,0.6875,0.0595320352617028,1,0,0,0.0,1,0,0,0,0,0,1
493,494.0,0,1,0.8875,0.0966257632787668,1,0,0,0.0,1,0,0,0,1,0,0
494,495.0,0,1,0.0,0.0157125535690723,0,0,1,0.0,1,0,0,0,0,0,1
495,496.0,0,1,0.35,0.0282207221450582,0,0,1,0.0,1,0,0,0,1,0,0
496,497.0,1,0,0.675,0.1527664244005612,1,0,0,0.1,0,0,0,1,1,0,0
497,498.0,0,1,0.35,0.0294732371295643,0,0,1,0.0,1,0,0,0,0,0,1
498,499.0,0,0,0.3125,0.2958058998003627,1,0,0,0.3,1,0,0,0,0,0,1
499,500.0,0,1,0.3,0.0152163882128912,0,0,1,0.0,1,0,0,0,0,0,1
500,501.0,0,1,0.2125,0.0169080739493278,0,0,1,0.0,1,0,0,0,0,0,1
501,502.0,0,0,0.35,0.0151269925664982,0,0,1,0.0,0,0,0,1,0,1,0
502,503.0,0,0,0.35,0.0148912066694617,0,0,1,0.0,0,0,0,1,0,1,0
503,504.0,0,0,0.4625,0.0187135537072647,0,0,1,0.0,0,0,0,1,0,0,1
504,505.0,1,0,0.2,0.1688367557422063,1,0,0,0.0,0,0,0,1,0,0,1
505,506.0,0,1,0.225,0.2125586439344078,1,0,0,0.1,1,0,0,0,1,0,0
506,507.0,1,0,0.4125,0.0507486202230909,0,1,0,0.2,1,0,0,0,0,0,1
507,508.0,1,1,0.35,0.0518221487278101,1,0,0,0.0,1,0,0,0,0,0,1
508,509.0,0,1,0.35,0.0439658719432739,0,0,1,0.0,1,0,0,0,0,0,1
509,510.0,1,1,0.325,0.1102724576307577,0,0,1,0.0,1,0,0,0,0,0,1
510,511.0,1,1,0.3625,0.0151269925664982,0,0,1,0.0,1,0,0,0,0,1,0
511,512.0,0,1,0.35,0.0157125535690723,0,0,1,0.0,1,0,0,0,0,0,1
512,513.0,1,1,0.45,0.0513097828505578,1,0,0,0.0,1,0,0,0,0,0,1
513,514.0,1,0,0.675,0.1159410785096769,1,0,0,0.1,1,0,0,0,1,0,0
514,515.0,0,1,0.3,0.0146308272103171,0,0,1,0.0,1,0,0,0,0,0,1
515,516.0,0,1,0.35,0.0664041791879127,1,0,0,0.0,1,0,0,0,0,0,1
516,517.0,1,0,0.425,0.0204946350900944,0,1,0,0.0,1,0,0,0,0,0,1
517,518.0,0,1,0.35,0.0471376607072171,0,0,1,0.0,1,0,0,0,0,1,0
518,519.0,1,0,0.45,0.0507486202230909,0,1,0,0.1,1,0,0,0,0,0,1
519,520.0,0,1,0.4,0.0154115752137492,0,0,1,0.0,1,0,0,0,0,0,1
520,521.0,1,0,0.375,0.1824998458022693,1,0,0,0.0,0,0,0,1,0,0,1
521,522.0,0,1,0.275,0.0154115752137492,0,0,1,0.0,1,0,0,0,0,0,1
522,523.0,0,1,0.0,0.0141022608119935,0,0,1,0.0,1,0,0,0,1,0,0
523,524.0,1,0,0.55,0.1131678616014859,1,0,0,0.1,1,0,0,0,1,0,0
524,525.0,0,1,0.35,0.0141104586660295,0,0,1,0.0,1,0,0,0,1,0,0
525,526.0,0,1,0.50625,0.0151269925664982,0,0,1,0.0,1,0,0,0,0,1,0
526,527.0,1,0,0.625,0.0204946350900944,0,1,0,0.0,0,0,0,1,0,0,1
527,528.0,0,1,0.35,0.4328841690069588,1,0,0,0.0,1,0,0,0,0,0,1
528,529.0,0,1,0.4875,0.0154685698179998,0,0,1,0.0,1,0,0,0,0,0,1
529,530.0,0,1,0.2875,0.0224465050986748,0,1,0,0.3,1,0,0,0,0,0,1
530,531.0,1,0,0.0,0.0507486202230909,0,1,0,0.2,0,0,0,1,0,0,1
531,532.0,0,1,0.35,0.0141104586660295,0,0,1,0.0,1,0,0,0,1,0,0
532,533.0,0,1,0.212,0.0141104586660295,0,0,1,0.2,1,0,0,0,1,0,0
533,534.0,1,0,0.35,0.0436404952128436,0,0,1,0.2,1,0,0,0,1,0,0
534,535.0,0,0,0.375,0.0169080739493278,0,0,1,0.0,0,0,0,1,0,0,1
535,536.0,1,0,0.0875,0.051236587725236,0,1,0,0.2,0,0,0,1,0,0,1
536,537.0,0,1,0.5625,0.0518221487278101,1,0,0,0.0,1,0,0,0,0,0,1
537,538.0,1,0,0.375,0.2077277656631712,1,0,0,0.0,0,0,0,1,1,0,0
538,539.0,0,1,0.35,0.028302115124416,0,0,1,0.0,1,0,0,0,0,0,1
539,540.0,1,0,0.275,0.0966175654247308,1,0,0,0.2,0,0,0,1,1,0,0
540,541.0,1,0,0.45,0.1385827706092098,1,0,0,0.2,0,0,0,1,0,0,1
541,542.0,0,0,0.1125,0.0610447345183526,0,0,1,0.6,0,0,0,1,0,0,1
542,543.0,0,0,0.1375,0.0610447345183526,0,0,1,0.6,0,0,0,1,0,0,1
543,544.0,1,1,0.4,0.0507486202230909,0,1,0,0.1,1,0,0,0,0,0,1
544,545.0,0,1,0.625,0.2077277656631712,1,0,0,0.1,1,0,0,0,1,0,0
545,546.0,0,1,0.8,0.0507486202230909,1,0,0,0.0,1,0,0,0,0,0,1
546,547.0,1,0,0.2375,0.0507486202230909,0,1,0,0.1,1,0,0,0,0,0,1
547,548.0,1,1,0.35,0.027057797993946,0,1,0,0.0,1,0,0,0,1,0,0
548,549.0,0,1,0.4125,0.0400621319261131,0,0,1,0.2,1,0,0,0,0,0,1
549,550.0,1,1,0.1,0.0717312228153304,0,1,0,0.2,0,0,1,0,0,0,1
550,551.0,1,1,0.2125,0.2164297877224253,1,0,0,0.2,1,0,0,0,1,0,0
551,552.0,0,1,0.35,0.0507486202230909,0,1,0,0.0,1,0,0,0,0,0,1
552,553.0,0,1,0.35,0.0152815806711778,0,0,1,0.0,1,0,0,0,0,1,0
553,554.0,1,1,0.275,0.0141022608119935,0,0,1,0.0,1,0,0,0,1,0,0
554,555.0,1,0,0.275,0.0151757893167127,0,0,1,0.0,0,0,0,1,0,0,1
555,556.0,0,1,0.775,0.0518221487278101,1,0,0,0.0,1,0,0,0,0,0,1
556,557.0,1,0,0.6,0.0772940523397846,1,0,0,0.1,1,0,0,0,1,0,0
557,558.0,0,1,0.35,0.4440992237022602,1,0,0,0.0,1,0,0,0,1,0,0
558,559.0,1,0,0.4875,0.1554664461834305,1,0,0,0.2,1,0,0,0,0,0,1
559,560.0,1,0,0.45,0.0339625381492993,0,0,1,0.1,1,0,0,0,0,0,1
560,561.0,0,1,0.35,0.0151269925664982,0,0,1,0.0,1,0,0,0,0,1,0
561,562.0,0,1,0.5,0.0154115752137492,0,0,1,0.0,1,0,0,0,0,0,1
562,563.0,0,1,0.35,0.0263502451158356,0,1,0,0.0,1,0,0,0,0,0,1
563,564.0,0,1,0.0,0.0157125535690723,0,0,1,0.0,1,0,0,0,0,0,1
564,565.0,0,0,0.35,0.0157125535690723,0,0,1,0.0,0,0,0,1,0,0,1
565,566.0,0,1,0.3,0.0471376607072171,0,0,1,0.2,1,0,0,0,0,0,1
566,567.0,0,1,0.2375,0.0154115752137492,0,0,1,0.0,1,0,0,0,0,0,1
567,568.0,0,0,0.3625,0.0411356604308323,0,0,1,0.4,1,0,0,0,0,0,1
568,569.0,0,1,0.35,0.0141104586660295,0,0,1,0.0,1,0,0,0,1,0,0
569,570.0,1,1,0.4,0.0153303774213923,0,0,1,0.0,1,0,0,0,0,0,1
570,571.0,1,1,0.775,0.0204946350900944,0,1,0,0.0,1,0,0,0,0,0,1
571,572.0,1,0,0.6625,0.1004807065457131,1,0,0,0.2,1,0,0,0,0,0,1
572,573.0,1,1,0.45,0.0515049698514158,1,0,0,0.0,1,0,0,0,0,0,1
573,574.0,1,0,0.35,0.0151269925664982,0,0,1,0.0,0,0,0,1,0,1,0
574,575.0,0,1,0.2,0.0157125535690723,0,0,1,0.0,1,0,0,0,0,0,1
575,576.0,0,1,0.2375,0.028302115124416,0,0,1,0.0,1,0,0,0,0,0,1
576,577.0,1,0,0.425,0.0253743101115454,0,1,0,0.0,0,0,0,1,0,0,1
577,578.0,1,0,0.4875,0.1091095334796455,1,0,0,0.1,1,0,0,0,0,0,1
578,579.0,0,0,0.35,0.0282207221450582,0,0,1,0.1,1,0,0,0,1,0,0
579,580.0,1,1,0.4,0.0154685698179998,0,0,1,0.0,1,0,0,0,0,0,1
580,581.0,1,0,0.3125,0.0585561002574126,0,1,0,0.2,0,0,0,1,0,0,1
581,582.0,1,0,0.4875,0.2164297877224253,1,0,0,0.2,1,0,0,0,1,0,0
582,583.0,0,1,0.675,0.0507486202230909,0,1,0,0.0,1,0,0,0,0,0,1
583,584.0,0,1,0.35,0.0783187840942893,1,0,0,0.0,1,0,0,0,1,0,0
584,585.0,0,1,0.35,0.0170056674497569,0,0,1,0.0,1,0,0,0,1,0,0
585,586.0,1,0,0.225,0.1554664461834305,1,0,0,0.2,0,0,0,1,0,0,1
586,587.0,0,1,0.5875,0.0292780501287063,0,1,0,0.0,1,0,0,0,0,0,1
587,588.0,1,1,0.75,0.1545881046795693,1,0,0,0.2,1,0,0,0,1,0,0
588,589.0,0,1,0.275,0.0157125535690723,0,0,1,0.0,1,0,0,0,0,0,1
589,590.0,0,1,0.35,0.0157125535690723,0,0,1,0.0,1,0,0,0,0,0,1
590,591.0,0,1,0.4375,0.0139070738111354,0,0,1,0.0,1,0,0,0,0,0,1
591,592.0,1,0,0.65,0.1527664244005612,1,0,0,0.1,1,0,0,0,1,0,0
592,593.0,0,1,0.5875,0.014151057562208,0,0,1,0.0,1,0,0,0,0,0,1
593,594.0,0,0,0.35,0.0151269925664982,0,0,1,0.2,0,0,0,1,0,1,0
594,595.0,0,1,0.4625,0.0507486202230909,0,1,0,0.1,1,0,0,0,0,0,1
595,596.0,0,1,0.45,0.0471376607072171,0,0,1,0.2,1,0,0,0,0,0,1
596,597.0,1,0,0.35,0.0644117102831538,0,1,0,0.0,0,0,0,1,0,0,1
597,598.0,0,1,0.6125,0.0,0,0,1,0.0,1,0,0,0,0,0,1
598,599.0,0,1,0.35,0.029322747951902747,0,0,1,0.0,1,0,0,0,1,0,0
599,600.0,1,1,0.6125,0.1111183980924764,1,0,0,0.1,1,0,0,0,1,0,0
600,601.0,1,0,0.3,0.0527004902316713,0,1,0,0.3,1,0,0,0,0,0,1
601,602.0,0,1,0.35,0.0154115752137492,0,0,1,0.0,1,0,0,0,0,0,1
602,603.0,0,1,0.35,0.0827592883638098,1,0,0,0.0,1,0,0,0,0,0,1
603,604.0,0,1,0.55,0.0157125535690723,0,0,1,0.0,1,0,0,0,0,0,1
604,605.0,1,1,0.35,0.0518221487278101,1,0,0,0.0,1,0,0,0,1,0,0
605,606.0,0,1,0.45,0.0303515786334255,0,0,1,0.1,1,0,0,0,0,0,1
606,607.0,0,1,0.375,0.0154115752137492,0,0,1,0.0,1,0,0,0,0,0,1
607,608.0,1,1,0.3375,0.0595320352617028,1,0,0,0.0,1,0,0,0,0,0,1
608,609.0,1,0,0.35,0.081157193460767,0,1,0,0.3,1,0,0,0,1,0,0
609,610.0,1,0,0.35,0.2995388511917728,1,0,0,0.0,0,0,0,1,0,0,1
610,611.0,0,0,0.4875,0.0610447345183526,0,0,1,0.6,1,0,0,0,0,0,1
611,612.0,0,1,0.35,0.0137606835604919,0,0,1,0.0,1,0,0,0,0,0,1
612,613.0,1,0,0.35,0.0302539851329965,0,0,1,0.1,0,0,0,1,0,1,0
613,614.0,0,1,0.35,0.0151269925664982,0,0,1,0.0,1,0,0,0,0,1,0
614,615.0,0,1,0.4375,0.0157125535690723,0,0,1,0.0,1,0,0,0,0,0,1
615,616.0,1,0,0.3,0.1268715505577273,0,1,0,0.3,0,0,0,1,0,0,1
616,617.0,0,1,0.425,0.028106928123558,0,0,1,0.2,1,0,0,0,0,0,1
617,618.0,0,0,0.325,0.0314251071381447,0,0,1,0.1,1,0,0,0,0,0,1
618,619.0,1,0,0.05,0.0761229303346364,0,1,0,0.3,0,0,0,1,0,0,1
619,620.0,0,1,0.325,0.0204946350900944,0,1,0,0.0,1,0,0,0,0,0,1
620,621.0,0,1,0.3375,0.0282127194780231,0,0,1,0.1,1,0,0,0,1,0,0
621,622.0,1,1,0.525,0.1025789668049371,1,0,0,0.1,1,0,0,0,0,0,1
622,623.0,1,1,0.25,0.0307257521140704,0,0,1,0.2,1,0,0,0,1,0,0
623,624.0,0,1,0.2625,0.0153303774213923,0,0,1,0.0,1,0,0,0,0,0,1
624,625.0,0,1,0.2625,0.0314251071381447,0,0,1,0.0,1,0,0,0,0,0,1
625,626.0,0,1,0.7625,0.063086000173326,1,0,0,0.0,1,0,0,0,0,0,1
626,627.0,0,1,0.7125,0.0241055946059681,0,1,0,0.0,1,0,0,0,0,1,0
627,628.0,1,0,0.2625,0.1521644676899149,1,0,0,0.0,0,0,0,1,0,0,1
628,629.0,0,1,0.325,0.0154115752137492,0,0,1,0.0,1,0,0,0,0,0,1
629,630.0,0,1,0.35,0.0150943963373549,0,0,1,0.0,1,0,0,0,0,1,0
630,631.0,1,1,0.35,0.0585561002574126,1,0,0,0.0,1,0,0,0,0,0,1
631,632.0,0,1,0.6375,0.013768881414528,0,0,1,0.0,1,0,0,0,0,0,1
632,633.0,1,1,0.4,0.0595320352617028,1,0,0,0.0,1,0,0,0,1,0,0
633,634.0,0,1,0.35,0.0,1,0,0,0.0,1,0,0,0,0,0,1
634,635.0,0,0,0.1125,0.0544571732393937,0,0,1,0.5,0,0,0,1,0,0,1
635,636.0,1,0,0.35,0.0253743101115454,0,1,0,0.0,0,0,0,1,0,0,1
636,637.0,0,1,0.4,0.0154685698179998,0,0,1,0.0,1,0,0,0,0,0,1
637,638.0,0,1,0.3875,0.051236587725236,0,1,0,0.2,1,0,0,0,0,0,1
638,639.0,0,0,0.5125,0.0774648409655354,0,0,1,0.5,1,0,0,0,0,0,1
639,640.0,0,1,0.35,0.0314251071381447,0,0,1,0.1,1,0,0,0,0,0,1
640,641.0,0,1,0.25,0.0153303774213923,0,0,1,0.0,1,0,0,0,0,0,1
641,642.0,1,0,0.3,0.1352645915946231,1,0,0,0.0,0,1,0,0,1,0,0
642,643.0,0,0,0.35,0.0544571732393937,0,0,1,0.5,0,0,0,1,0,0,1
643,644.0,1,1,0.35,0.1102724576307577,0,0,1,0.0,1,0,0,0,0,0,1
644,645.0,1,0,0.009375,0.0375896981862443,0,0,1,0.3,0,0,0,1,1,0,0
645,646.0,1,1,0.6,0.1497654242623688,1,0,0,0.1,1,0,0,0,1,0,0
646,647.0,0,1,0.2375,0.0154115752137492,0,0,1,0.0,1,0,0,0,0,0,1
647,648.0,1,1,0.7,0.0692913853046049,1,0,0,0.0,1,0,0,0,1,0,0
648,649.0,0,1,0.35,0.0147366185647821,0,0,1,0.0,1,0,0,0,0,0,1
649,650.0,1,0,0.2875,0.0147366185647821,0,0,1,0.0,0,0,0,1,0,0,1
650,651.0,0,1,0.35,0.0154115752137492,0,0,1,0.0,1,0,0,0,0,0,1
651,652.0,1,0,0.35,0.0448930101973496,0,1,0,0.1,0,0,0,1,0,0,1
652,653.0,0,1,0.2625,0.0164607053433612,0,0,1,0.0,1,0,0,0,0,0,1
653,654.0,1,0,0.35,0.0152815806711778,0,0,1,0.0,0,0,0,1,0,1,0
654,655.0,0,0,0.35,0.0131751225579178,0,0,1,0.0,0,0,0,1,0,1,0
655,656.0,0,1,0.3,0.1434624456306609,0,1,0,0.2,1,0,0,0,0,0,1
656,657.0,0,1,0.35,0.0154115752137492,0,0,1,0.0,1,0,0,0,0,0,1
657,658.0,0,0,0.0,0.0302539851329965,0,0,1,0.2,1,0,0,0,0,1,0
658,659.0,0,1,0.2875,0.0253743101115454,0,1,0,0.0,1,0,0,0,0,0,1
659,660.0,0,1,0.725,0.2210980752219471,1,0,0,0.2,1,0,0,0,1,0,0
660,661.0,1,1,0.625,0.2608674266467732,1,0,0,0.2,1,0,0,0,0,0,1
661,662.0,0,1,0.5,0.0141022608119935,0,0,1,0.0,1,0,0,0,1,0,0
662,663.0,0,1,0.5875,0.0499434738445515,1,0,0,0.0,1,0,0,0,0,0,1
663,664.0,0,1,0.45,0.0146308272103171,0,0,1,0.0,1,0,0,0,0,0,1
664,665.0,1,1,0.25,0.0154685698179998,0,0,1,0.1,1,0,0,0,0,0,1
665,666.0,0,1,0.4,0.1434624456306609,0,1,0,0.2,1,0,0,0,0,0,1
666,667.0,0,1,0.3125,0.0253743101115454,0,1,0,0.0,1,0,0,0,0,0,1
667,668.0,0,1,0.35,0.0151757893167127,0,0,1,0.0,1,0,0,0,0,0,1
668,669.0,0,1,0.5375,0.0157125535690723,0,0,1,0.0,1,0,0,0,0,0,1
669,670.0,1,0,0.35,0.1014972404461818,1,0,0,0.1,1,0,0,0,0,0,1
670,671.0,1,0,0.5,0.0761229303346364,0,1,0,0.2,1,0,0,0,0,0,1
671,672.0,0,1,0.3875,0.1014972404461818,1,0,0,0.1,1,0,0,0,0,0,1
672,673.0,0,1,0.875,0.0204946350900944,0,1,0,0.0,1,0,0,0,0,0,1
673,674.0,1,1,0.3875,0.0253743101115454,0,1,0,0.0,1,0,0,0,0,0,1
674,675.0,0,1,0.35,0.0,0,1,0,0.0,1,0,0,0,0,0,1
675,676.0,0,1,0.225,0.0151757893167127,0,0,1,0.0,1,0,0,0,0,0,1
676,677.0,0,1,0.30625,0.0157125535690723,0,0,1,0.0,1,0,0,0,0,0,1
677,678.0,1,0,0.225,0.0192097190634459,0,0,1,0.0,0,0,0,1,0,0,1
678,679.0,0,0,0.0,0.0915427034024217,0,0,1,0.7,1,0,0,0,0,0,1
679,680.0,1,1,0.35,1.0,1,0,0,0.1,1,0,0,0,1,0,0
680,681.0,0,0,0.35,0.0158833421948231,0,0,1,0.0,0,0,0,1,0,1,0
681,682.0,1,1,0.3375,0.1497654242623688,1,0,0,0.0,1,0,0,0,1,0,0
682,683.0,0,1,0.25,0.0180060008291543,0,0,1,0.0,1,0,0,0,0,0,1
683,684.0,0,1,0.175,0.0915427034024217,0,0,1,0.7,1,0,0,0,0,0,1
684,685.0,0,1,0.75,0.0761229303346364,0,1,0,0.2,1,0,0,0,0,0,1
685,686.0,0,1,0.3125,0.081157193460767,0,1,0,0.3,1,0,0,0,1,0,0
686,687.0,0,1,0.175,0.0774648409655354,0,0,1,0.5,1,0,0,0,0,0,1
687,688.0,0,1,0.2375,0.0198520794832697,0,0,1,0.0,1,0,0,0,0,0,1
688,689.0,0,1,0.225,0.0152163882128912,0,0,1,0.0,1,0,0,0,0,0,1
689,690.0,1,0,0.1875,0.4125033279383646,1,0,0,0.1,0,0,0,1,0,0,1
690,691.0,1,1,0.3875,0.1112565904890839,1,0,0,0.1,1,0,0,0,0,0,1
691,692.0,1,0,0.05,0.0261876543441209,0,0,1,0.1,0,0,0,1,1,0,0
692,693.0,1,1,0.35,0.1102724576307577,0,0,1,0.0,1,0,0,0,0,0,1
693,694.0,0,1,0.3125,0.0141022608119935,0,0,1,0.0,1,0,0,0,1,0,0
694,695.0,0,1,0.75,0.0518221487278101,1,0,0,0.0,1,0,0,0,0,0,1
695,696.0,0,1,0.65,0.0263502451158356,0,1,0,0.0,1,0,0,0,0,0,1
696,697.0,0,1,0.55,0.0157125535690723,0,0,1,0.0,1,0,0,0,0,0,1
697,698.0,1,0,0.35,0.0150943963373549,0,0,1,0.0,0,0,0,1,0,1,0
698,699.0,0,1,0.6125,0.2164297877224253,1,0,0,0.2,1,0,0,0,1,0,0
699,700.0,0,1,0.35,0.0149318055656402,0,0,1,0.0,1,0,0,0,0,0,1
700,701.0,1,0,0.225,0.4440992237022602,1,0,0,0.1,1,0,0,0,1,0,0
701,702.0,1,1,0.4375,0.0513097828505578,1,0,0,0.0,1,0,0,0,0,0,1
702,703.0,0,0,0.225,0.0282127194780231,0,0,1,0.1,0,0,0,1,1,0,0
703,704.0,0,1,0.3125,0.015110792045427,0,0,1,0.0,1,0,0,0,0,1,0
704,705.0,0,1,0.325,0.0153303774213923,0,0,1,0.1,1,0,0,0,0,0,1
705,706.0,0,1,0.4875,0.0507486202230909,0,1,0,0.0,1,0,0,0,0,0,1
706,707.0,1,0,0.5625,0.0263502451158356,0,1,0,0.0,1,0,0,0,0,0,1
707,708.0,1,1,0.525,0.0513097828505578,1,0,0,0.0,1,0,0,0,0,0,1
708,709.0,1,0,0.275,0.2958058998003627,1,0,0,0.0,0,0,0,1,0,0,1
709,710.0,1,1,0.35,0.0297578197768153,0,0,1,0.2,0,0,1,0,1,0,0
710,711.0,1,0,0.3,0.0966257632787668,1,0,0,0.0,1,0,0,0,1,0,0
711,712.0,0,1,0.35,0.0518221487278101,1,0,0,0.0,1,0,0,0,0,0,1
712,713.0,1,1,0.6,0.1,1,0,0,0.1,1,0,0,0,0,0,1
713,714.0,0,1,0.3625,0.0185101688523707,0,0,1,0.0,1,0,0,0,0,0,1
714,715.0,0,1,0.65,0.0253743101115454,0,1,0,0.0,1,0,0,0,0,0,1
715,716.0,0,1,0.2375,0.0149318055656402,0,0,1,0.0,1,0,0,0,0,0,1
716,717.0,1,0,0.475,0.4440992237022602,1,0,0,0.0,0,0,0,1,1,0,0
717,718.0,1,0,0.3375,0.0204946350900944,0,1,0,0.0,0,0,0,1,0,0,1
718,719.0,0,1,0.35,0.0302539851329965,0,0,1,0.0,1,0,0,0,0,1,0
719,720.0,0,1,0.4125,0.0151757893167127,0,0,1,0.0,1,0,0,0,0,0,1
720,721.0,1,0,0.0,0.0644117102831538,0,1,0,0.1,0,0,0,1,0,0,1
721,722.0,0,1,0.2125,0.013768881414528,0,0,1,0.1,1,0,0,0,0,0,1
722,723.0,0,1,0.425,0.0253743101115454,0,1,0,0.0,1,0,0,0,0,0,1
723,724.0,0,1,0.625,0.0253743101115454,0,1,0,0.0,1,0,0,0,0,0,1
724,725.0,1,1,0.3375,0.1036442974556203,1,0,0,0.1,1,0,0,0,0,0,1
725,726.0,0,1,0.25,0.0169080739493278,0,0,1,0.0,1,0,0,0,0,0,1
726,727.0,1,0,0.375,0.0409892701801888,0,1,0,0.3,1,0,0,0,0,0,1
727,728.0,1,0,0.35,0.015102594191391,0,0,1,0.0,0,0,0,1,0,1,0
728,729.0,0,1,0.3125,0.0507486202230909,0,1,0,0.1,1,0,0,0,0,0,1
729,730.0,0,0,0.3125,0.0154685698179998,0,0,1,0.1,0,0,0,1,0,0,1
730,731.0,1,0,0.3625,0.4125033279383646,1,0,0,0.0,0,0,0,1,0,0,1
731,732.0,0,1,0.1375,0.0366707577862046,0,0,1,0.0,1,0,0,0,1,0,0
732,733.0,0,1,0.35,0.0,0,1,0,0.0,1,0,0,0,0,0,1
733,734.0,0,1,0.2875,0.0253743101115454,0,1,0,0.0,1,0,0,0,0,0,1
734,735.0,0,1,0.28075,0.0253743101115454,0,1,0,0.0,1,0,0,0,0,0,1
735,736.0,0,1,0.35625,0.0314251071381447,0,0,1,0.0,1,0,0,0,0,0,1
736,737.0,0,0,0.6,0.0670955315449519,0,0,1,0.4,1,0,0,0,0,0,1
737,738.0,1,1,0.4375,1.0,1,0,0,0.0,1,0,0,0,1,0,0
738,739.0,0,1,0.35,0.0154115752137492,0,0,1,0.0,1,0,0,0,0,0,1
739,740.0,0,1,0.35,0.015,0,0,1,0.0,1,0,0,0,0,0,1
740,741.0,1,1,0.35,0.0585561002574126,1,0,0,0.0,1,0,0,0,0,0,1
741,742.0,0,1,0.45,0.1539049501765661,1,0,0,0.1,1,0,0,0,0,0,1
742,743.0,1,0,0.2625,0.5121218935012878,1,0,0,0.4,0,0,0,1,1,0,0
743,744.0,0,1,0.3,0.0314251071381447,0,0,1,0.1,1,0,0,0,0,0,1
744,745.0,1,1,0.3875,0.0154685698179998,0,0,1,0.0,1,0,0,0,0,0,1
745,746.0,0,1,0.875,0.1385827706092098,1,0,0,0.2,1,0,0,0,0,0,1
746,747.0,0,1,0.35,0.0395253676737535,0,0,1,0.2,1,0,0,0,0,0,1
747,748.0,1,0,0.375,0.0253743101115454,0,1,0,0.0,0,0,0,1,0,0,1
748,749.0,0,1,0.2375,0.1036442974556203,1,0,0,0.1,1,0,0,0,0,0,1
749,750.0,0,1,0.3875,0.0151269925664982,0,0,1,0.0,1,0,0,0,0,1,0
750,751.0,1,0,0.05,0.0448930101973496,0,1,0,0.2,0,0,0,1,0,0,1
751,752.0,1,1,0.075,0.0243495783570407,0,0,1,0.1,0,0,1,0,0,0,1
752,753.0,0,1,0.4125,0.0185427650815139,0,0,1,0.0,1,0,0,0,0,0,1
753,754.0,0,1,0.2875,0.0154115752137492,0,0,1,0.0,1,0,0,0,0,0,1
754,755.0,1,0,0.6,0.1268715505577273,0,1,0,0.3,1,0,0,0,0,0,1
755,756.0,1,1,0.008375,0.028302115124416,0,1,0,0.2,0,0,1,0,0,0,1
756,757.0,0,1,0.35,0.0152163882128912,0,0,1,0.0,1,0,0,0,0,0,1
757,758.0,0,1,0.225,0.0224465050986748,0,1,0,0.0,1,0,0,0,0,0,1
758,759.0,0,1,0.425,0.0157125535690723,0,0,1,0.0,1,0,0,0,0,0,1
759,760.0,1,0,0.4125,0.1688367557422063,1,0,0,0.0,0,1,0,0,0,0,1
760,761.0,0,1,0.35,0.028302115124416,0,0,1,0.0,1,0,0,0,0,0,1
761,762.0,0,1,0.5125,0.0139070738111354,0,0,1,0.0,1,0,0,0,0,0,1
762,763.0,1,1,0.25,0.0141104586660295,0,0,1,0.0,1,0,0,0,1,0,0
763,764.0,1,0,0.45,0.2342244010296504,1,0,0,0.3,1,0,0,0,0,0,1
764,765.0,0,1,0.2,0.0151757893167127,0,0,1,0.0,1,0,0,0,0,0,1
765,766.0,1,0,0.6375,0.1521644676899149,1,0,0,0.1,1,0,0,0,0,0,1
766,767.0,0,1,0.35,0.0772940523397846,1,0,0,0.0,1,0,0,0,1,0,0
767,768.0,0,0,0.38125,0.0151269925664982,0,0,1,0.0,0,0,0,1,0,1,0
768,769.0,0,1,0.35,0.0471376607072171,0,0,1,0.1,1,0,0,0,0,1,0
769,770.0,0,1,0.4,0.0163225129467537,0,0,1,0.0,1,0,0,0,0,0,1
770,771.0,0,1,0.3,0.0185427650815139,0,0,1,0.0,1,0,0,0,0,0,1
771,772.0,0,1,0.6,0.0153303774213923,0,0,1,0.0,1,0,0,0,0,0,1
772,773.0,0,0,0.7125,0.0204946350900944,0,1,0,0.0,1,0,0,0,0,0,1
773,774.0,0,1,0.35,0.0141022608119935,0,0,1,0.0,1,0,0,0,1,0,0
774,775.0,1,0,0.675,0.0448930101973496,0,1,0,0.4,1,0,0,0,0,0,1
775,776.0,0,1,0.225,0.0151269925664982,0,0,1,0.0,1,0,0,0,0,0,1
776,777.0,0,1,0.35,0.0151269925664982,0,0,1,0.0,1,0,0,0,0,1,0
777,778.0,1,0,0.0625,0.0243495783570407,0,0,1,0.0,0,0,0,1,0,0,1
778,779.0,0,1,0.35,0.015102594191391,0,0,1,0.0,1,0,0,0,0,1,0
779,780.0,1,0,0.5375,0.4125033279383646,1,0,0,0.1,1,0,0,0,0,0,1
780,781.0,1,0,0.1625,0.0141104586660295,0,0,1,0.0,0,0,0,1,1,0,0
781,782.0,1,0,0.2125,0.1112565904890839,1,0,0,0.1,1,0,0,0,0,0,1
782,783.0,0,1,0.3625,0.0585561002574126,1,0,0,0.0,1,0,0,0,0,0,1
783,784.0,0,1,0.35,0.0457713517012108,0,0,1,0.3,1,0,0,0,0,0,1
784,396.5,0,1,0.3125,0.0137606835604919,0,0,1,0.0,1,0,0,0,0,0,1
785,396.5,0,1,0.3125,0.014151057562208,0,0,1,0.0,1,0,0,0,0,0,1
786,396.5,1,0,0.225,0.0146308272103171,0,0,1,0.0,0,0,0,1,0,0,1
787,396.5,0,1,0.1,0.0568482139999047,0,0,1,0.5,0,0,1,0,0,1,0
788,396.5,1,1,0.0125,0.0401597254265421,0,0,1,0.3,0,0,1,0,0,0,1
789,396.5,0,1,0.575,0.1545881046795693,1,0,0,0.0,1,0,0,0,1,0,0
790,396.5,0,1,0.35,0.0151269925664982,0,0,1,0.0,1,0,0,0,0,1,0
791,396.5,0,1,0.2,0.0507486202230909,0,1,0,0.0,1,0,0,0,0,0,1
